timestamp,hand_detected,cursor_held,finger_mode,index_extended,middle_extended,raw_x,raw_y,virtual_x,virtual_y,inside_window,inside_interaction,state,target_block
9299.945,False,False,ONE_FINGER,False,False,,,,,False,False,TRACKING,
9301.016,False,False,ONE_FINGER,False,False,,,,,False,False,TRACKING,
9301.207,False,False,ONE_FINGER,False,False,,,,,False,False,TRACKING,
9301.410,False,False,ONE_FINGER,False,False,,,,,False,False,TRACKING,
9301.510,False,False,ONE_FINGER,False,False,,,,,False,False,TRACKING,
9301.700,False,False,ONE_FINGER,False,False,,,,,False,False,TRACKING,
9301.810,True,False,ONE_FINGER,True,False,0.66524,0.61166,665,863,False,True,BLOCK_HOVER,wood_5
9301.913,True,False,ONE_FINGER,True,True,0.62419,0.40912,624,577,True,True,BLOCK_HOVER,wood_5
9302.097,True,False,ONE_FINGER,True,True,0.53475,0.29724,534,419,True,True,BLOCK_ARMED,wood_5
9302.210,True,False,ONE_FINGER,True,False,0.52682,0.29600,526,417,True,True,SWIPING,wood_5
9302.403,True,False,ONE_FINGER,True,False,0.50959,0.32236,509,454,True,True,SWIPING,wood_5
9302.612,True,False,ONE_FINGER,True,False,0.51831,0.31598,518,445,True,True,SWIPING,wood_5
9302.802,True,False,ONE_FINGER,True,False,0.51549,0.29199,515,412,True,True,SWIPING,wood_5
9303.009,True,False,ONE_FINGER,True,False,0.54397,0.19374,543,273,True,True,BLOCK_REMOVED,wood_5
9303.203,True,False,ONE_FINGER,True,False,0.61051,0.11594,610,163,True,True,BLOCK_HOVER,wood_4
9303.409,True,False,ONE_FINGER,True,False,0.59785,0.15861,597,223,True,True,BLOCK_ARMED,wood_4
9303.602,True,False,ONE_FINGER,True,False,0.59544,0.24957,595,352,True,True,BLOCK_HOVER,wood_4
9303.809,True,False,ONE_FINGER,False,False,,,,,False,False,BLOCK_HOVER,wood_4
9304.002,True,False,ONE_FINGER,True,False,0.56176,0.43467,561,613,True,True,BLOCK_ARMED,wood_4
9304.209,True,False,ONE_FINGER,True,False,0.56080,0.40558,560,572,True,True,BLOCK_HOVER,wood_4
9304.401,True,False,ONE_FINGER,True,False,0.59110,0.20744,591,292,True,True,BLOCK_HOVER,wood_4
9304.610,True,False,ONE_FINGER,True,False,0.61788,0.23662,617,333,True,True,BLOCK_ARMED,wood_4
9304.802,True,False,ONE_FINGER,True,False,0.59401,0.22049,594,311,True,True,SWIPING,wood_4
9305.009,True,False,ONE_FINGER,True,False,0.56861,0.21390,568,301,True,True,SWIPING,wood_4
9305.202,True,False,ONE_FINGER,True,False,0.55711,0.27049,557,381,True,True,SWIPING,wood_4
9305.411,True,False,ONE_FINGER,True,False,0.56175,0.23451,561,330,True,True,SWIPING,wood_4
9305.601,True,False,ONE_FINGER,True,False,0.61773,0.18948,617,267,True,True,SWIPING,wood_4
9305.809,True,False,ONE_FINGER,True,False,0.62219,0.19140,622,270,True,True,SWIPING,wood_4
9306.001,True,False,ONE_FINGER,True,False,0.60991,0.21498,609,303,True,True,SWIPING,wood_4
9306.209,True,False,ONE_FINGER,True,False,0.60788,0.29050,607,409,True,True,SWIPING,wood_4
9306.401,True,False,ONE_FINGER,True,False,0.60109,0.30041,601,423,True,True,SWIPING,wood_4
9306.611,True,False,ONE_FINGER,True,False,0.57651,0.28878,576,407,True,True,SWIPING,wood_4
9306.802,True,False,ONE_FINGER,True,False,0.58196,0.31865,581,449,True,True,SWIPING,wood_4
9307.009,True,False,ONE_FINGER,True,False,0.58107,0.33078,581,466,True,True,SWIPING,wood_4
9307.200,True,False,ONE_FINGER,True,False,0.56494,0.24262,564,342,True,True,SWIPING,wood_4
9307.411,True,False,ONE_FINGER,True,False,0.60924,0.08520,609,120,True,True,FAILED,wood_4
9307.600,True,False,ONE_FINGER,True,False,0.64632,0.17915,646,252,True,True,FAILED,wood_4
9307.809,True,False,ONE_FINGER,True,False,0.60600,0.18754,606,264,True,True,BLOCK_HOVER,wood_4
9308.001,True,False,ONE_FINGER,True,False,0.57129,0.26628,571,375,True,True,BLOCK_ARMED,wood_4
9308.209,True,False,ONE_FINGER,True,False,0.56733,0.27240,567,384,True,True,BLOCK_HOVER,wood_4
9308.402,True,False,ONE_FINGER,True,False,0.56371,0.26281,563,370,True,True,BLOCK_HOVER,wood_4
9308.610,True,False,ONE_FINGER,True,False,0.56250,0.29605,562,417,True,True,BLOCK_ARMED,wood_4
9308.802,True,False,ONE_FINGER,True,False,0.57630,0.28811,576,406,True,True,BLOCK_HOVER,wood_4
9309.011,True,False,ONE_FINGER,True,False,0.59603,0.18702,596,263,True,True,BLOCK_HOVER,wood_4
9309.202,True,False,ONE_FINGER,True,False,0.58809,0.18460,588,260,True,True,BLOCK_ARMED,wood_4
9309.409,True,False,ONE_FINGER,True,False,0.57939,0.22303,579,314,True,True,BLOCK_ARMED,wood_4
9309.601,True,False,ONE_FINGER,True,False,0.58496,0.28511,584,402,True,True,TRACKING,
9309.811,True,False,ONE_FINGER,True,False,0.60398,0.27805,603,392,True,True,BLOCK_HOVER,wood_4
9310.002,True,False,ONE_FINGER,True,False,0.60950,0.29215,609,412,True,True,BLOCK_ARMED,wood_4
9310.210,True,False,ONE_FINGER,True,False,0.61892,0.29380,618,414,True,True,BLOCK_ARMED,wood_4
9310.401,True,False,ONE_FINGER,True,False,0.62190,0.39173,621,552,True,True,TRACKING,
9310.609,True,False,ONE_FINGER,False,False,,,,,False,False,TRACKING,
9310.801,True,False,ONE_FINGER,False,False,,,,,False,False,TRACKING,
9311.011,True,False,ONE_FINGER,True,False,0.55662,0.40997,556,578,True,True,BLOCK_HOVER,wood_4
9311.201,True,False,ONE_FINGER,True,False,0.55886,0.37234,558,525,True,True,BLOCK_ARMED,wood_4
9311.410,True,False,ONE_FINGER,True,False,0.56172,0.36868,561,520,True,True,SWIPING,wood_4
9311.602,True,False,ONE_FINGER,True,False,0.55818,0.36218,558,511,True,True,SWIPING,wood_4
9311.809,True,False,ONE_FINGER,True,False,0.56879,0.34226,568,483,True,True,SWIPING,wood_4
9312.001,True,False,ONE_FINGER,True,False,0.57505,0.33605,575,474,True,True,SWIPING,wood_4
9312.209,True,False,ONE_FINGER,True,False,0.57609,0.33649,576,474,True,True,SWIPING,wood_4
9312.400,True,False,ONE_FINGER,True,False,0.59968,0.33105,599,467,True,True,SWIPING,wood_4
9312.609,True,False,ONE_FINGER,True,False,0.63227,0.34747,632,490,True,True,SWIPING,wood_4
9312.803,True,False,ONE_FINGER,True,False,0.63630,0.34400,636,485,True,True,SWIPING,wood_4
9313.009,True,False,ONE_FINGER,True,False,0.63470,0.33594,634,474,True,True,SWIPING,wood_4
9313.201,True,False,ONE_FINGER,True,False,0.63227,0.33402,632,471,True,True,SWIPING,wood_4
9313.410,True,False,ONE_FINGER,True,False,0.63155,0.33141,631,467,True,True,SWIPING,wood_4
9313.602,True,False,ONE_FINGER,True,False,0.63075,0.32817,630,463,True,True,SWIPING,wood_4
9313.810,True,False,ONE_FINGER,True,False,0.63047,0.32433,630,457,True,True,SWIPING,wood_4
9314.001,True,False,ONE_FINGER,True,False,0.63037,0.32352,630,456,True,True,FAILED,wood_4
9314.209,True,False,ONE_FINGER,True,False,0.62914,0.32317,629,456,True,True,FAILED,wood_4
9314.402,True,False,ONE_FINGER,True,False,0.62755,0.32280,627,455,True,True,BLOCK_HOVER,wood_4
9314.609,True,False,ONE_FINGER,True,False,0.62789,0.32222,627,454,True,True,BLOCK_HOVER,wood_4
9314.801,True,False,ONE_FINGER,True,False,0.62761,0.32180,627,454,True,True,BLOCK_ARMED,wood_4
9315.009,True,False,ONE_FINGER,True,False,0.62689,0.35230,626,497,True,True,BLOCK_ARMED,wood_4
9315.201,True,False,ONE_FINGER,True,False,0.62637,0.34264,626,483,True,True,BLOCK_ARMED,wood_4
9315.409,True,False,ONE_FINGER,True,False,0.62588,0.34131,625,481,True,True,BLOCK_ARMED,wood_4
9315.603,True,False,ONE_FINGER,True,False,0.62241,0.32198,622,454,True,True,BLOCK_ARMED,wood_4
9315.810,True,False,ONE_FINGER,True,False,0.62602,0.30863,626,435,True,True,BLOCK_ARMED,wood_4
9316.002,True,False,ONE_FINGER,True,False,0.62716,0.30405,627,429,True,True,BLOCK_ARMED,wood_4
9316.209,True,False,ONE_FINGER,True,False,0.63584,0.30240,635,426,True,True,BLOCK_ARMED,wood_4
9316.402,True,False,ONE_FINGER,True,False,0.63940,0.31558,639,445,True,True,BLOCK_ARMED,wood_4
9316.609,True,False,ONE_FINGER,True,False,0.64547,0.32428,645,457,True,True,BLOCK_ARMED,wood_4
9316.801,True,False,ONE_FINGER,True,False,0.65073,0.37177,650,524,True,True,BLOCK_ARMED,wood_4
9317.010,True,False,ONE_FINGER,True,False,0.65010,0.36718,650,518,True,True,BLOCK_HOVER,wood_4
9317.201,True,False,ONE_FINGER,True,False,0.63965,0.38120,639,537,True,True,BLOCK_HOVER,wood_4
9317.410,False,True,ONE_FINGER,False,False,0.63737,0.42182,637,595,True,True,BLOCK_ARMED,wood_4
9317.610,False,False,ONE_FINGER,False,False,,,,,False,False,BLOCK_ARMED,wood_4
9317.816,False,False,ONE_FINGER,False,False,,,,,False,False,TRACKING,
9318.004,True,False,ONE_FINGER,False,False,,,,,False,False,TRACKING,
9318.105,True,False,ONE_FINGER,False,False,,,,,False,False,TRACKING,
9318.210,True,False,ONE_FINGER,False,False,,,,,False,False,TRACKING,
9318.401,True,False,ONE_FINGER,False,False,,,,,False,False,TRACKING,
9318.609,True,False,ONE_FINGER,False,False,,,,,False,False,TRACKING,
9318.801,True,False,ONE_FINGER,False,False,,,,,False,False,TRACKING,
9319.010,True,False,ONE_FINGER,False,False,,,,,False,False,TRACKING,
9319.202,True,False,ONE_FINGER,False,False,,,,,False,False,TRACKING,
9319.411,True,False,ONE_FINGER,False,False,,,,,False,False,TRACKING,
9319.602,True,False,ONE_FINGER,False,False,,,,,False,False,TRACKING,
9319.809,True,False,ONE_FINGER,False,False,,,,,False,False,TRACKING,
9320.003,True,False,ONE_FINGER,False,False,,,,,False,False,TRACKING,
9320.212,True,False,ONE_FINGER,False,False,,,,,False,False,TRACKING,
9320.313,True,False,ONE_FINGER,False,False,,,,,False,False,TRACKING,
9320.499,True,False,ONE_FINGER,False,False,,,,,False,False,TRACKING,
9320.616,True,False,ONE_FINGER,False,False,,,,,False,False,TRACKING,
9320.805,True,False,ONE_FINGER,False,False,,,,,False,False,TRACKING,
9321.011,True,False,ONE_FINGER,False,False,,,,,False,False,TRACKING,
9321.202,True,False,ONE_FINGER,False,False,,,,,False,False,TRACKING,
9321.421,True,False,ONE_FINGER,False,False,,,,,False,False,TRACKING,
9321.607,True,False,ONE_FINGER,False,False,,,,,False,False,TRACKING,
9321.820,False,False,ONE_FINGER,False,False,,,,,False,False,TRACKING,
9322.007,False,False,ONE_FINGER,False,False,,,,,False,False,TRACKING,
9322.222,False,False,ONE_FINGER,False,False,,,,,False,False,TRACKING,
9322.407,False,False,ONE_FINGER,False,False,,,,,False,False,TRACKING,
9322.612,False,False,ONE_FINGER,False,False,,,,,False,False,TRACKING,
9322.715,False,False,ONE_FINGER,False,False,,,,,False,False,TRACKING,
9322.903,False,False,ONE_FINGER,False,False,,,,,False,False,TRACKING,
9323.016,False,False,ONE_FINGER,False,False,,,,,False,False,TRACKING,
9323.212,False,False,ONE_FINGER,False,False,,,,,False,False,TRACKING,
9323.415,False,False,ONE_FINGER,False,False,,,,,False,False,TRACKING,
9323.515,False,False,ONE_FINGER,False,False,,,,,False,False,TRACKING,
9323.704,False,False,ONE_FINGER,False,False,,,,,False,False,TRACKING,
9323.817,False,False,ONE_FINGER,False,False,,,,,False,False,TRACKING,
9324.011,False,False,ONE_FINGER,False,False,,,,,False,False,TRACKING,
9324.216,False,False,ONE_FINGER,False,False,,,,,False,False,TRACKING,
9324.408,False,False,ONE_FINGER,False,False,,,,,False,False,TRACKING,
9324.616,False,False,ONE_FINGER,False,False,,,,,False,False,TRACKING,
9324.807,False,False,ONE_FINGER,False,False,,,,,False,False,TRACKING,
9325.016,False,False,ONE_FINGER,False,False,,,,,False,False,TRACKING,
9325.120,False,False,ONE_FINGER,False,False,,,,,False,False,TRACKING,
9325.304,False,False,ONE_FINGER,False,False,,,,,False,False,TRACKING,
9325.417,False,False,ONE_FINGER,False,False,,,,,False,False,TRACKING,
9325.608,False,False,ONE_FINGER,False,False,,,,,False,False,TRACKING,
9325.816,False,False,ONE_FINGER,False,False,,,,,False,False,TRACKING,
9325.924,False,False,ONE_FINGER,False,False,,,,,False,False,TRACKING,
9326.115,False,False,ONE_FINGER,False,False,,,,,False,False,TRACKING,
9326.312,False,False,ONE_FINGER,False,False,,,,,False,False,TRACKING,
9326.412,False,False,ONE_FINGER,False,False,,,,,False,False,TRACKING,
9326.612,False,False,ONE_FINGER,False,False,,,,,False,False,TRACKING,
9326.816,False,False,ONE_FINGER,False,False,,,,,False,False,TRACKING,
9327.017,False,False,ONE_FINGER,False,False,,,,,False,False,TRACKING,
9327.208,False,False,ONE_FINGER,False,False,,,,,False,False,TRACKING,
9327.417,False,False,ONE_FINGER,False,False,,,,,False,False,TRACKING,
9327.607,False,False,ONE_FINGER,False,False,,,,,False,False,TRACKING,
9327.811,False,False,ONE_FINGER,False,False,,,,,False,False,TRACKING,
9328.008,False,False,ONE_FINGER,False,False,,,,,False,False,TRACKING,
9328.108,False,False,ONE_FINGER,False,False,,,,,False,False,TRACKING,
9328.224,False,False,ONE_FINGER,False,False,,,,,False,False,TRACKING,
9328.407,False,False,ONE_FINGER,False,False,,,,,False,False,TRACKING,
9328.508,False,False,ONE_FINGER,False,False,,,,,False,False,TRACKING,
9328.616,False,False,ONE_FINGER,False,False,,,,,False,False,TRACKING,
9328.808,False,False,ONE_FINGER,False,False,,,,,False,False,TRACKING,
9328.910,False,False,ONE_FINGER,False,False,,,,,False,False,TRACKING,
9329.020,False,False,ONE_FINGER,False,False,,,,,False,False,TRACKING,
9329.208,False,False,ONE_FINGER,False,False,,,,,False,False,TRACKING,
9329.309,False,False,ONE_FINGER,False,False,,,,,False,False,TRACKING,
9329.415,False,False,ONE_FINGER,False,False,,,,,False,False,TRACKING,
9329.516,False,False,ONE_FINGER,False,False,,,,,False,False,TRACKING,
9329.704,False,False,ONE_FINGER,False,False,,,,,False,False,TRACKING,
9329.816,False,False,ONE_FINGER,False,False,,,,,False,False,TRACKING,
9329.916,False,False,ONE_FINGER,False,False,,,,,False,False,TRACKING,
9330.107,False,False,ONE_FINGER,False,False,,,,,False,False,TRACKING,
9330.213,False,False,ONE_FINGER,False,False,,,,,False,False,TRACKING,
9330.316,False,False,ONE_FINGER,False,False,,,,,False,False,TRACKING,
9330.504,False,False,ONE_FINGER,False,False,,,,,False,False,TRACKING,
9330.617,False,False,ONE_FINGER,False,False,,,,,False,False,TRACKING,
9330.807,False,False,ONE_FINGER,False,False,,,,,False,False,TRACKING,
9331.017,False,False,ONE_FINGER,False,False,,,,,False,False,TRACKING,
9331.209,False,False,ONE_FINGER,False,False,,,,,False,False,TRACKING,
9331.414,False,False,ONE_FINGER,False,False,,,,,False,False,TRACKING,
9331.516,False,False,ONE_FINGER,False,False,,,,,False,False,TRACKING,
9331.701,False,False,ONE_FINGER,False,False,,,,,False,False,TRACKING,
9331.817,False,False,ONE_FINGER,False,False,,,,,False,False,TRACKING,
9332.009,False,False,ONE_FINGER,False,False,,,,,False,False,TRACKING,
9332.216,False,False,ONE_FINGER,False,False,,,,,False,False,TRACKING,
9332.320,False,False,ONE_FINGER,False,False,,,,,False,False,TRACKING,
9332.500,False,False,ONE_FINGER,False,False,,,,,False,False,TRACKING,
9332.620,False,False,ONE_FINGER,False,False,,,,,False,False,TRACKING,
9332.816,False,False,ONE_FINGER,False,False,,,,,False,False,TRACKING,
9333.017,False,False,ONE_FINGER,False,False,,,,,False,False,TRACKING,
9333.219,False,False,ONE_FINGER,False,False,,,,,False,False,TRACKING,
9333.417,False,False,ONE_FINGER,False,False,,,,,False,False,TRACKING,
9333.604,False,False,ONE_FINGER,False,False,,,,,False,False,TRACKING,
9333.813,True,False,ONE_FINGER,False,False,,,,,False,False,TRACKING,
9333.920,True,False,ONE_FINGER,False,False,,,,,False,False,TRACKING,
9334.100,True,False,ONE_FINGER,False,False,,,,,False,False,TRACKING,
9334.213,True,False,ONE_FINGER,False,False,,,,,False,False,TRACKING,
9334.404,True,False,ONE_FINGER,False,False,,,,,False,False,TRACKING,
9334.612,True,False,ONE_FINGER,False,False,,,,,False,False,TRACKING,
9334.809,True,False,ONE_FINGER,False,False,,,,,False,False,TRACKING,
9335.012,True,False,ONE_FINGER,False,False,,,,,False,False,TRACKING,
9335.203,True,False,ONE_FINGER,False,False,,,,,False,False,TRACKING,
9335.305,True,False,ONE_FINGER,False,False,,,,,False,False,TRACKING,
9335.413,True,False,ONE_FINGER,False,False,,,,,False,False,TRACKING,
9335.604,True,False,ONE_FINGER,False,False,,,,,False,False,TRACKING,
9335.813,True,False,ONE_FINGER,False,False,,,,,False,False,TRACKING,
9336.004,True,False,ONE_FINGER,False,False,,,,,False,False,TRACKING,
9336.213,True,False,ONE_FINGER,False,False,,,,,False,False,TRACKING,
9336.404,True,False,ONE_FINGER,False,False,,,,,False,False,TRACKING,
9336.617,True,False,ONE_FINGER,False,False,,,,,False,False,TRACKING,
9336.804,True,False,ONE_FINGER,False,False,,,,,False,False,TRACKING,
9337.012,True,False,ONE_FINGER,False,False,,,,,False,False,TRACKING,
9337.124,True,False,ONE_FINGER,False,False,,,,,False,False,TRACKING,
9337.309,True,False,ONE_FINGER,False,False,,,,,False,False,TRACKING,
9337.420,True,False,ONE_FINGER,False,False,,,,,False,False,TRACKING,
9337.604,True,False,ONE_FINGER,False,False,,,,,False,False,TRACKING,
9337.812,True,False,ONE_FINGER,False,False,,,,,False,False,TRACKING,
9338.008,True,False,ONE_FINGER,False,False,,,,,False,False,TRACKING,
9338.212,True,False,ONE_FINGER,False,False,,,,,False,False,TRACKING,
9338.404,True,False,ONE_FINGER,False,False,,,,,False,False,TRACKING,
9338.612,True,False,ONE_FINGER,False,False,,,,,False,False,TRACKING,
9338.809,True,False,ONE_FINGER,False,False,,,,,False,False,TRACKING,
9339.012,True,False,ONE_FINGER,False,False,,,,,False,False,TRACKING,
9339.203,True,False,ONE_FINGER,False,False,,,,,False,False,TRACKING,
9339.412,True,False,ONE_FINGER,False,False,,,,,False,False,TRACKING,
9339.516,True,False,ONE_FINGER,False,False,,,,,False,False,TRACKING,
9339.616,True,False,ONE_FINGER,False,False,,,,,False,False,TRACKING,
9339.813,True,False,ONE_FINGER,False,False,,,,,False,False,TRACKING,
9340.004,True,False,ONE_FINGER,False,False,,,,,False,False,TRACKING,
9340.217,True,False,ONE_FINGER,False,False,,,,,False,False,TRACKING,
9340.408,True,False,ONE_FINGER,False,False,,,,,False,False,TRACKING,
9340.613,True,False,ONE_FINGER,False,False,,,,,False,False,TRACKING,
9340.812,True,False,ONE_FINGER,False,False,,,,,False,False,TRACKING,
9341.012,True,False,ONE_FINGER,False,False,,,,,False,False,TRACKING,
9341.208,True,False,ONE_FINGER,False,False,,,,,False,False,TRACKING,
9341.413,True,False,ONE_FINGER,False,False,,,,,False,False,TRACKING,
9341.604,True,False,ONE_FINGER,False,False,,,,,False,False,TRACKING,
9341.812,True,False,ONE_FINGER,False,False,,,,,False,False,TRACKING,
9342.012,True,False,ONE_FINGER,False,False,,,,,False,False,TRACKING,
9342.213,True,False,ONE_FINGER,False,False,,,,,False,False,TRACKING,
9342.408,True,False,ONE_FINGER,False,False,,,,,False,False,TRACKING,
9342.620,True,False,ONE_FINGER,False,False,,,,,False,False,TRACKING,
9342.809,True,False,ONE_FINGER,False,False,,,,,False,False,TRACKING,
9343.016,True,False,ONE_FINGER,False,False,,,,,False,False,TRACKING,
9343.208,True,False,ONE_FINGER,False,False,,,,,False,False,TRACKING,
9343.413,True,False,ONE_FINGER,False,False,,,,,False,False,TRACKING,
9343.608,True,False,ONE_FINGER,False,False,,,,,False,False,TRACKING,
9343.812,True,False,ONE_FINGER,False,False,,,,,False,False,TRACKING,
9344.004,True,False,ONE_FINGER,False,False,,,,,False,False,TRACKING,
9344.212,True,False,ONE_FINGER,False,False,,,,,False,False,TRACKING,
9344.312,True,False,ONE_FINGER,False,False,,,,,False,False,TRACKING,
9344.501,True,False,ONE_FINGER,False,False,,,,,False,False,TRACKING,
9344.612,True,False,ONE_FINGER,False,False,,,,,False,False,TRACKING,
9344.804,True,False,ONE_FINGER,False,False,,,,,False,False,TRACKING,
9345.016,True,False,ONE_FINGER,False,False,,,,,False,False,TRACKING,
9345.204,True,False,ONE_FINGER,False,False,,,,,False,False,TRACKING,
9345.413,True,False,ONE_FINGER,False,False,,,,,False,False,TRACKING,
9345.604,True,False,ONE_FINGER,False,False,,,,,False,False,TRACKING,
9345.816,True,False,ONE_FINGER,False,False,,,,,False,False,TRACKING,
9346.007,True,False,ONE_FINGER,False,False,,,,,False,False,TRACKING,
9346.213,True,False,ONE_FINGER,False,False,,,,,False,False,TRACKING,
9346.317,True,False,ONE_FINGER,False,False,,,,,False,False,TRACKING,
9346.504,True,False,ONE_FINGER,False,False,,,,,False,False,TRACKING,
9346.614,True,False,ONE_FINGER,False,False,,,,,False,False,TRACKING,
9346.804,True,False,ONE_FINGER,False,False,,,,,False,False,TRACKING,
9346.904,True,False,ONE_FINGER,False,False,,,,,False,False,TRACKING,
9347.012,True,False,ONE_FINGER,False,False,,,,,False,False,TRACKING,
9347.117,True,False,ONE_FINGER,False,False,,,,,False,False,TRACKING,
9347.300,True,False,ONE_FINGER,False,False,,,,,False,False,TRACKING,
9347.413,True,False,ONE_FINGER,False,False,,,,,False,False,TRACKING,
9347.520,True,False,ONE_FINGER,False,False,,,,,False,False,TRACKING,
9347.704,True,False,ONE_FINGER,False,False,,,,,False,False,TRACKING,
9347.813,True,False,ONE_FINGER,False,False,,,,,False,False,TRACKING,
9348.004,True,False,ONE_FINGER,False,False,,,,,False,False,TRACKING,
9348.105,True,False,ONE_FINGER,False,False,,,,,False,False,TRACKING,
9348.213,True,False,ONE_FINGER,False,False,,,,,False,False,TRACKING,
9348.404,True,False,ONE_FINGER,False,False,,,,,False,False,TRACKING,
9348.613,True,False,ONE_FINGER,False,False,,,,,False,False,TRACKING,
9348.809,True,False,ONE_FINGER,False,False,,,,,False,False,TRACKING,
9349.013,True,False,ONE_FINGER,False,False,,,,,False,False,TRACKING,
9349.209,True,False,ONE_FINGER,False,False,,,,,False,False,TRACKING,
9349.413,True,False,ONE_FINGER,False,False,,,,,False,False,TRACKING,
9349.609,True,False,ONE_FINGER,False,False,,,,,False,False,TRACKING,
9349.818,True,False,ONE_FINGER,False,False,,,,,False,False,TRACKING,
9350.009,True,False,ONE_FINGER,False,False,,,,,False,False,TRACKING,
9350.212,True,False,ONE_FINGER,False,False,,,,,False,False,TRACKING,
9350.313,True,False,ONE_FINGER,False,False,,,,,False,False,TRACKING,
9350.501,True,False,ONE_FINGER,False,False,,,,,False,False,TRACKING,
9350.612,True,False,ONE_FINGER,False,False,,,,,False,False,TRACKING,
9350.713,True,False,ONE_FINGER,False,False,,,,,False,False,TRACKING,
9350.904,True,False,ONE_FINGER,False,False,,,,,False,False,TRACKING,
9351.013,True,False,ONE_FINGER,False,False,,,,,False,False,TRACKING,
9351.116,True,False,ONE_FINGER,False,False,,,,,False,False,TRACKING,
9351.308,True,False,ONE_FINGER,False,False,,,,,False,False,TRACKING,
9351.414,True,False,ONE_FINGER,False,False,,,,,False,False,TRACKING,
9351.605,True,False,ONE_FINGER,False,False,,,,,False,False,TRACKING,
9351.813,True,False,ONE_FINGER,False,False,,,,,False,False,TRACKING,
9351.916,True,False,ONE_FINGER,False,False,,,,,False,False,TRACKING,
9352.105,True,False,ONE_FINGER,False,False,,,,,False,False,TRACKING,
9352.212,True,False,ONE_FINGER,False,False,,,,,False,False,TRACKING,
9352.408,True,False,ONE_FINGER,False,False,,,,,False,False,TRACKING,
9352.613,True,False,ONE_FINGER,False,False,,,,,False,False,TRACKING,
9352.713,True,False,ONE_FINGER,False,False,,,,,False,False,TRACKING,
9352.901,True,False,ONE_FINGER,False,False,,,,,False,False,TRACKING,
9353.017,True,False,ONE_FINGER,False,False,,,,,False,False,TRACKING,
9353.208,True,False,ONE_FINGER,False,False,,,,,False,False,TRACKING,
9353.312,True,False,ONE_FINGER,False,False,,,,,False,False,TRACKING,
9353.413,True,False,ONE_FINGER,False,False,,,,,False,False,TRACKING,
9353.604,True,False,ONE_FINGER,False,False,,,,,False,False,TRACKING,
9353.813,True,False,ONE_FINGER,False,False,,,,,False,False,TRACKING,
9354.009,True,False,ONE_FINGER,False,False,,,,,False,False,TRACKING,
9354.213,True,False,ONE_FINGER,False,False,,,,,False,False,TRACKING,
9354.408,True,False,ONE_FINGER,False,False,,,,,False,False,TRACKING,
9354.613,True,False,ONE_FINGER,False,False,,,,,False,False,TRACKING,
9354.805,True,False,ONE_FINGER,False,False,,,,,False,False,TRACKING,
9354.905,True,False,ONE_FINGER,False,False,,,,,False,False,TRACKING,
9355.012,True,False,ONE_FINGER,False,False,,,,,False,False,TRACKING,
9355.205,True,False,ONE_FINGER,False,False,,,,,False,False,TRACKING,
9355.306,True,False,ONE_FINGER,False,False,,,,,False,False,TRACKING,
9355.412,True,False,ONE_FINGER,False,False,,,,,False,False,TRACKING,
9355.605,True,False,ONE_FINGER,False,False,,,,,False,False,TRACKING,
9355.813,True,False,ONE_FINGER,False,False,,,,,False,False,TRACKING,
9356.008,True,False,ONE_FINGER,False,False,,,,,False,False,TRACKING,
9356.218,True,False,ONE_FINGER,False,False,,,,,False,False,TRACKING,
9356.405,True,False,ONE_FINGER,False,False,,,,,False,False,TRACKING,
9356.613,True,False,ONE_FINGER,False,False,,,,,False,False,TRACKING,
9356.805,True,False,ONE_FINGER,False,False,,,,,False,False,TRACKING,
9356.908,True,False,ONE_FINGER,False,False,,,,,False,False,TRACKING,
9357.024,True,False,ONE_FINGER,False,False,,,,,False,False,TRACKING,
9357.203,True,False,ONE_FINGER,False,False,,,,,False,False,TRACKING,
9357.304,True,False,ONE_FINGER,False,False,,,,,False,False,TRACKING,
9357.413,True,False,ONE_FINGER,False,False,,,,,False,False,TRACKING,
9357.605,True,False,ONE_FINGER,False,False,,,,,False,False,TRACKING,
9357.813,True,False,ONE_FINGER,False,False,,,,,False,False,TRACKING,
9358.005,True,False,ONE_FINGER,False,False,,,,,False,False,TRACKING,
9358.212,True,False,ONE_FINGER,False,False,,,,,False,False,TRACKING,
9358.405,True,False,ONE_FINGER,False,False,,,,,False,False,TRACKING,
9358.625,True,False,ONE_FINGER,False,False,,,,,False,False,TRACKING,
9358.805,True,False,ONE_FINGER,False,False,,,,,False,False,TRACKING,
9359.012,True,False,ONE_FINGER,False,False,,,,,False,False,TRACKING,
9359.117,True,False,ONE_FINGER,False,False,,,,,False,False,TRACKING,
9359.305,True,False,ONE_FINGER,False,False,,,,,False,False,TRACKING,
9359.412,True,False,ONE_FINGER,False,False,,,,,False,False,TRACKING,
9359.518,True,False,ONE_FINGER,False,False,,,,,False,False,TRACKING,
9359.704,True,False,ONE_FINGER,False,False,,,,,False,False,TRACKING,
9359.813,True,False,ONE_FINGER,False,False,,,,,False,False,TRACKING,
9360.004,True,False,ONE_FINGER,False,False,,,,,False,False,TRACKING,
9360.217,True,False,ONE_FINGER,False,False,,,,,False,False,TRACKING,
9360.408,True,False,ONE_FINGER,False,False,,,,,False,False,TRACKING,
9360.612,True,False,ONE_FINGER,False,False,,,,,False,False,TRACKING,
9360.808,True,False,ONE_FINGER,False,False,,,,,False,False,TRACKING,
9361.017,True,False,ONE_FINGER,False,False,,,,,False,False,TRACKING,
9361.117,True,False,ONE_FINGER,False,False,,,,,False,False,TRACKING,
9361.304,True,False,ONE_FINGER,False,False,,,,,False,False,TRACKING,
9361.414,True,False,ONE_FINGER,False,False,,,,,False,False,TRACKING,
9361.609,True,False,ONE_FINGER,False,False,,,,,False,False,TRACKING,
9361.822,True,False,ONE_FINGER,False,False,,,,,False,False,TRACKING,
9362.017,True,False,ONE_FINGER,False,False,,,,,False,False,TRACKING,
9362.217,False,False,ONE_FINGER,False,False,,,,,False,False,TRACKING,
9362.413,True,False,ONE_FINGER,False,False,,,,,False,False,TRACKING,
9362.613,True,False,ONE_FINGER,False,False,,,,,False,False,TRACKING,
9362.813,True,False,ONE_FINGER,True,True,0.57821,0.59856,578,844,False,True,BLOCK_HOVER,wood_4
9363.017,False,False,ONE_FINGER,False,False,,,,,False,False,BLOCK_HOVER,wood_4
9363.209,False,False,ONE_FINGER,False,False,,,,,False,False,TRACKING,
9363.317,False,False,ONE_FINGER,False,False,,,,,False,False,TRACKING,
9363.513,False,False,ONE_FINGER,False,False,,,,,False,False,TRACKING,
9363.618,False,False,ONE_FINGER,False,False,,,,,False,False,TRACKING,
9363.818,False,False,ONE_FINGER,False,False,,,,,False,False,TRACKING,
9364.009,False,False,ONE_FINGER,False,False,,,,,False,False,TRACKING,
9364.213,False,False,ONE_FINGER,False,False,,,,,False,False,TRACKING,
9364.326,False,False,ONE_FINGER,False,False,,,,,False,False,TRACKING,
9364.509,False,False,ONE_FINGER,False,False,,,,,False,False,TRACKING,
9364.622,False,False,ONE_FINGER,False,False,,,,,False,False,TRACKING,
9364.813,False,False,ONE_FINGER,False,False,,,,,False,False,TRACKING,
9365.013,False,False,ONE_FINGER,False,False,,,,,False,False,TRACKING,
9365.121,False,False,ONE_FINGER,False,False,,,,,False,False,TRACKING,
9365.304,False,False,ONE_FINGER,False,False,,,,,False,False,TRACKING,
9365.421,False,False,ONE_FINGER,False,False,,,,,False,False,TRACKING,
9365.606,False,False,ONE_FINGER,False,False,,,,,False,False,TRACKING,
9365.826,False,False,ONE_FINGER,False,False,,,,,False,False,TRACKING,
9366.018,False,False,ONE_FINGER,False,False,,,,,False,False,TRACKING,
9366.230,True,False,ONE_FINGER,False,False,,,,,False,False,TRACKING,
9366.405,True,False,ONE_FINGER,True,True,0.67082,0.83585,670,875,False,True,BLOCK_HOVER,wood_4
9366.613,True,False,ONE_FINGER,True,True,0.69275,0.87860,692,875,False,True,BLOCK_ARMED,wood_4
9366.805,False,False,ONE_FINGER,False,False,,,,,False,False,BLOCK_ARMED,wood_4
9367.021,False,False,ONE_FINGER,False,False,,,,,False,False,TRACKING,
9367.125,False,False,ONE_FINGER,False,False,,,,,False,False,TRACKING,
9367.317,False,False,ONE_FINGER,False,False,,,,,False,False,TRACKING,
9367.424,False,False,ONE_FINGER,False,False,,,,,False,False,TRACKING,
9367.604,False,False,ONE_FINGER,False,False,,,,,False,False,TRACKING,
9367.705,False,False,ONE_FINGER,False,False,,,,,False,False,TRACKING,
9367.814,False,False,ONE_FINGER,False,False,,,,,False,False,TRACKING,
9368.009,False,False,ONE_FINGER,False,False,,,,,False,False,TRACKING,
9368.214,False,False,ONE_FINGER,False,False,,,,,False,False,TRACKING,
9368.322,False,False,ONE_FINGER,False,False,,,,,False,False,TRACKING,
9368.501,False,False,ONE_FINGER,False,False,,,,,False,False,TRACKING,
9368.623,False,False,ONE_FINGER,False,False,,,,,False,False,TRACKING,
9368.809,False,False,ONE_FINGER,False,False,,,,,False,False,TRACKING,
9368.909,False,False,ONE_FINGER,False,False,,,,,False,False,TRACKING,
9369.014,False,False,ONE_FINGER,False,False,,,,,False,False,TRACKING,
9369.209,False,False,ONE_FINGER,False,False,,,,,False,False,TRACKING,
9369.422,False,False,ONE_FINGER,False,False,,,,,False,False,TRACKING,
9369.609,False,False,ONE_FINGER,False,False,,,,,False,False,TRACKING,
9369.814,False,False,ONE_FINGER,False,False,,,,,False,False,TRACKING,
9370.006,False,False,ONE_FINGER,False,False,,,,,False,False,TRACKING,
9370.222,False,False,ONE_FINGER,False,False,,,,,False,False,TRACKING,
9370.410,False,False,ONE_FINGER,False,False,,,,,False,False,TRACKING,
9370.621,False,False,ONE_FINGER,False,False,,,,,False,False,TRACKING,
9370.805,False,False,ONE_FINGER,False,False,,,,,False,False,TRACKING,
9370.905,False,False,ONE_FINGER,False,False,,,,,False,False,TRACKING,
9371.018,False,False,ONE_FINGER,False,False,,,,,False,False,TRACKING,
9371.218,False,False,ONE_FINGER,False,False,,,,,False,False,TRACKING,
9371.418,False,False,ONE_FINGER,False,False,,,,,False,False,TRACKING,
9371.521,False,False,ONE_FINGER,False,False,,,,,False,False,TRACKING,
9371.708,False,False,ONE_FINGER,False,False,,,,,False,False,TRACKING,
9371.825,False,False,ONE_FINGER,False,False,,,,,False,False,TRACKING,
9372.010,False,False,ONE_FINGER,False,False,,,,,False,False,TRACKING,
9372.113,False,False,ONE_FINGER,False,False,,,,,False,False,TRACKING,
9372.217,False,False,ONE_FINGER,False,False,,,,,False,False,TRACKING,
9372.416,False,False,ONE_FINGER,False,False,,,,,False,False,TRACKING,
9372.617,False,False,ONE_FINGER,False,False,,,,,False,False,TRACKING,
9372.813,False,False,ONE_FINGER,False,False,,,,,False,False,TRACKING,
9373.021,False,False,ONE_FINGER,False,False,,,,,False,False,TRACKING,
9373.210,False,False,ONE_FINGER,False,False,,,,,False,False,TRACKING,
9373.418,False,False,ONE_FINGER,False,False,,,,,False,False,TRACKING,
9373.522,False,False,ONE_FINGER,False,False,,,,,False,False,TRACKING,
9373.705,False,False,ONE_FINGER,False,False,,,,,False,False,TRACKING,
9373.817,False,False,ONE_FINGER,False,False,,,,,False,False,TRACKING,
9373.921,False,False,ONE_FINGER,False,False,,,,,False,False,TRACKING,
9374.101,False,False,ONE_FINGER,False,False,,,,,False,False,TRACKING,
9374.218,False,False,ONE_FINGER,False,False,,,,,False,False,TRACKING,
9374.409,False,False,ONE_FINGER,False,False,,,,,False,False,TRACKING,
9374.618,False,False,ONE_FINGER,False,False,,,,,False,False,TRACKING,
9374.808,False,False,ONE_FINGER,False,False,,,,,False,False,TRACKING,
9374.910,False,False,ONE_FINGER,False,False,,,,,False,False,TRACKING,
9375.026,False,False,ONE_FINGER,False,False,,,,,False,False,TRACKING,
9375.210,False,False,ONE_FINGER,False,False,,,,,False,False,TRACKING,
9375.313,False,False,ONE_FINGER,False,False,,,,,False,False,TRACKING,
9375.417,False,False,ONE_FINGER,False,False,,,,,False,False,TRACKING,
9375.614,False,False,ONE_FINGER,False,False,,,,,False,False,TRACKING,
9375.813,False,False,ONE_FINGER,False,False,,,,,False,False,TRACKING,
9375.922,False,False,ONE_FINGER,False,False,,,,,False,False,TRACKING,
9376.113,False,False,ONE_FINGER,False,False,,,,,False,False,TRACKING,
9376.221,False,False,ONE_FINGER,False,False,,,,,False,False,TRACKING,
9376.409,False,False,ONE_FINGER,False,False,,,,,False,False,TRACKING,
9376.625,False,False,ONE_FINGER,False,False,,,,,False,False,TRACKING,
9376.812,False,False,ONE_FINGER,False,False,,,,,False,False,TRACKING,
9376.913,False,False,ONE_FINGER,False,False,,,,,False,False,TRACKING,
9377.017,False,False,ONE_FINGER,False,False,,,,,False,False,TRACKING,
9377.118,False,False,ONE_FINGER,False,False,,,,,False,False,TRACKING,
9377.305,False,False,ONE_FINGER,False,False,,,,,False,False,TRACKING,
9377.426,False,False,ONE_FINGER,False,False,,,,,False,False,TRACKING,
9377.610,False,False,ONE_FINGER,False,False,,,,,False,False,TRACKING,
9377.817,False,False,ONE_FINGER,False,False,,,,,False,False,TRACKING,
9378.006,False,False,ONE_FINGER,False,False,,,,,False,False,TRACKING,
9378.109,False,False,ONE_FINGER,False,False,,,,,False,False,TRACKING,
9378.226,False,False,ONE_FINGER,False,False,,,,,False,False,TRACKING,
9378.410,False,False,ONE_FINGER,False,False,,,,,False,False,TRACKING,
9378.613,False,False,ONE_FINGER,False,False,,,,,False,False,TRACKING,
9378.805,False,False,ONE_FINGER,False,False,,,,,False,False,TRACKING,
9378.906,False,False,ONE_FINGER,False,False,,,,,False,False,TRACKING,
9379.026,False,False,ONE_FINGER,False,False,,,,,False,False,TRACKING,
9379.209,False,False,ONE_FINGER,False,False,,,,,False,False,TRACKING,
9379.310,False,False,ONE_FINGER,False,False,,,,,False,False,TRACKING,
9379.430,False,False,ONE_FINGER,False,False,,,,,False,False,TRACKING,
9379.610,False,False,ONE_FINGER,False,False,,,,,False,False,TRACKING,
9379.822,False,False,ONE_FINGER,False,False,,,,,False,False,TRACKING,
9380.006,True,False,ONE_FINGER,True,True,0.71428,0.63955,714,875,False,True,BLOCK_HOVER,wood_4
9380.122,False,True,ONE_FINGER,False,False,0.71428,0.63955,714,875,False,True,BLOCK_HOVER,wood_4
9380.226,False,False,ONE_FINGER,False,False,,,,,False,False,BLOCK_HOVER,wood_4
9380.330,False,False,ONE_FINGER,False,False,,,,,False,False,BLOCK_HOVER,wood_4
9380.513,True,False,ONE_FINGER,True,True,0.52351,0.53374,523,753,False,True,SWIPING,wood_4
9380.617,True,False,ONE_FINGER,True,True,0.52644,0.53579,526,756,False,True,SWIPING,wood_4
9380.805,True,False,ONE_FINGER,True,True,0.52534,0.55682,525,785,False,True,SWIPING,wood_4
9381.013,True,False,ONE_FINGER,True,True,0.52262,0.58554,522,826,False,True,SWIPING,wood_4
9381.222,True,False,ONE_FINGER,False,True,,,,,False,False,SWIPING,wood_4
9381.422,True,False,ONE_FINGER,True,True,0.52393,0.56188,523,792,False,True,SWIPING,wood_4
9381.613,True,False,ONE_FINGER,True,True,0.52183,0.53637,521,756,False,True,SWIPING,wood_4
9381.822,True,False,ONE_FINGER,True,True,0.53257,0.54586,532,770,False,True,SWIPING,wood_4
9382.010,True,False,ONE_FINGER,True,True,0.53391,0.56797,533,801,False,True,SWIPING,wood_4
9382.113,True,False,ONE_FINGER,True,True,0.53419,0.56563,534,798,False,True,SWIPING,wood_4
9382.322,True,False,ONE_FINGER,True,True,0.52999,0.54919,529,775,False,True,SWIPING,wood_4
9382.502,True,False,ONE_FINGER,True,True,0.49645,0.61234,496,864,False,True,FAILED,wood_4
9382.618,True,False,ONE_FINGER,True,True,0.48237,0.61866,482,873,False,True,FAILED,wood_4
9382.813,True,False,ONE_FINGER,True,True,0.48113,0.60692,481,856,False,True,FAILED,wood_4
9382.914,True,False,ONE_FINGER,True,True,0.48590,0.58368,485,823,False,True,BLOCK_HOVER,wood_4
9383.017,True,False,ONE_FINGER,True,True,0.48790,0.58148,487,820,False,True,BLOCK_HOVER,wood_4
9383.117,True,False,ONE_FINGER,True,True,0.49229,0.59108,492,834,False,True,BLOCK_HOVER,wood_4
9383.218,True,False,ONE_FINGER,True,True,0.48270,0.59554,482,840,False,True,BLOCK_ARMED,wood_4
9383.426,True,False,ONE_FINGER,True,True,0.48091,0.59280,480,836,False,True,BLOCK_ARMED,wood_4
9383.605,True,False,ONE_FINGER,True,True,0.48186,0.56743,481,800,False,True,BLOCK_ARMED,wood_4
9383.706,True,False,ONE_FINGER,True,True,0.47972,0.55803,479,787,False,True,BLOCK_ARMED,wood_4
9383.822,True,False,ONE_FINGER,True,True,0.48529,0.54533,485,769,False,True,SWIPING,wood_4
9384.006,True,False,ONE_FINGER,True,True,0.50807,0.57349,508,809,False,True,SWIPING,wood_4
9384.222,True,False,ONE_FINGER,True,True,0.52934,0.58415,529,824,False,True,SWIPING,wood_4
9384.408,True,False,ONE_FINGER,False,False,,,,,False,False,SWIPING,wood_4
9384.509,True,False,ONE_FINGER,False,False,,,,,False,False,SWIPING,wood_4
9384.613,True,False,ONE_FINGER,False,False,,,,,False,False,SWIPING,wood_4
9384.726,True,False,ONE_FINGER,False,False,,,,,False,False,FAILED,wood_4
9384.905,False,False,ONE_FINGER,False,False,,,,,False,False,FAILED,wood_4
9385.026,False,False,ONE_FINGER,False,False,,,,,False,False,FAILED,wood_4
9385.214,True,False,ONE_FINGER,False,False,,,,,False,False,TRACKING,
9385.414,True,False,ONE_FINGER,False,False,,,,,False,False,TRACKING,
9385.618,True,False,ONE_FINGER,False,False,,,,,False,False,TRACKING,
9385.818,True,False,ONE_FINGER,False,False,,,,,False,False,TRACKING,
9386.010,True,False,ONE_FINGER,False,False,,,,,False,False,TRACKING,
9386.222,True,False,ONE_FINGER,False,False,,,,,False,False,TRACKING,
9386.414,True,False,ONE_FINGER,False,False,,,,,False,False,TRACKING,
9386.614,True,False,ONE_FINGER,False,False,,,,,False,False,TRACKING,
9386.809,True,False,ONE_FINGER,False,False,,,,,False,False,TRACKING,
9387.022,True,False,ONE_FINGER,False,False,,,,,False,False,TRACKING,
9387.218,True,False,ONE_FINGER,False,False,,,,,False,False,TRACKING,
9387.413,True,False,ONE_FINGER,False,False,,,,,False,False,TRACKING,
9387.610,True,False,ONE_FINGER,False,False,,,,,False,False,TRACKING,
9387.823,True,False,ONE_FINGER,False,False,,,,,False,False,TRACKING,
9388.011,True,False,ONE_FINGER,False,False,,,,,False,False,TRACKING,
9388.113,True,False,ONE_FINGER,False,False,,,,,False,False,TRACKING,
9388.218,True,False,ONE_FINGER,False,False,,,,,False,False,TRACKING,
9388.422,True,False,ONE_FINGER,False,False,,,,,False,False,TRACKING,
9388.624,True,False,ONE_FINGER,False,False,,,,,False,False,TRACKING,
9388.805,True,False,ONE_FINGER,False,False,,,,,False,False,TRACKING,
9389.016,True,False,ONE_FINGER,False,False,,,,,False,False,TRACKING,
9389.214,True,False,ONE_FINGER,False,False,,,,,False,False,TRACKING,
9389.418,True,False,ONE_FINGER,False,False,,,,,False,False,TRACKING,
9389.522,True,False,ONE_FINGER,False,False,,,,,False,False,TRACKING,
9389.713,True,False,ONE_FINGER,False,False,,,,,False,False,TRACKING,
9389.815,True,False,ONE_FINGER,False,False,,,,,False,False,TRACKING,
9389.922,True,False,ONE_FINGER,False,False,,,,,False,False,TRACKING,
9390.109,True,False,ONE_FINGER,False,False,,,,,False,False,TRACKING,
9390.223,True,False,ONE_FINGER,False,False,,,,,False,False,TRACKING,
9390.414,True,False,ONE_FINGER,False,False,,,,,False,False,TRACKING,
9390.616,True,False,ONE_FINGER,False,False,,,,,False,False,TRACKING,
9390.804,True,False,ONE_FINGER,False,False,,,,,False,False,TRACKING,
9390.907,True,False,ONE_FINGER,False,False,,,,,False,False,TRACKING,
9391.016,True,False,ONE_FINGER,False,False,,,,,False,False,TRACKING,
9391.118,True,False,ONE_FINGER,False,False,,,,,False,False,TRACKING,
9391.314,True,False,ONE_FINGER,False,False,,,,,False,False,TRACKING,
9391.430,True,False,ONE_FINGER,False,False,,,,,False,False,TRACKING,
9391.622,True,False,ONE_FINGER,False,False,,,,,False,False,TRACKING,
9391.812,True,False,ONE_FINGER,False,False,,,,,False,False,TRACKING,
9391.914,True,False,ONE_FINGER,False,False,,,,,False,False,TRACKING,
9392.114,True,False,ONE_FINGER,False,False,,,,,False,False,TRACKING,
9392.214,True,False,ONE_FINGER,False,False,,,,,False,False,TRACKING,
9392.410,True,False,ONE_FINGER,False,False,,,,,False,False,TRACKING,
9392.614,True,False,ONE_FINGER,False,False,,,,,False,False,TRACKING,
9392.817,True,False,ONE_FINGER,False,False,,,,,False,False,TRACKING,
9393.014,True,False,ONE_FINGER,False,False,,,,,False,False,TRACKING,
9393.115,True,False,ONE_FINGER,False,False,,,,,False,False,TRACKING,
9393.305,True,False,ONE_FINGER,False,False,,,,,False,False,TRACKING,
9393.418,True,False,ONE_FINGER,False,False,,,,,False,False,TRACKING,
9393.614,True,False,ONE_FINGER,False,False,,,,,False,False,TRACKING,
9393.814,True,False,ONE_FINGER,False,False,,,,,False,False,TRACKING,
9393.917,True,False,ONE_FINGER,False,False,,,,,False,False,TRACKING,
9394.018,True,False,ONE_FINGER,False,False,,,,,False,False,TRACKING,
9394.214,True,False,ONE_FINGER,False,False,,,,,False,False,TRACKING,
9394.321,True,False,ONE_FINGER,False,False,,,,,False,False,TRACKING,
9394.514,True,False,ONE_FINGER,False,False,,,,,False,False,TRACKING,
9394.617,True,False,ONE_FINGER,False,False,,,,,False,False,TRACKING,
9394.814,True,False,ONE_FINGER,False,False,,,,,False,False,TRACKING,
9395.026,True,False,ONE_FINGER,False,False,,,,,False,False,TRACKING,
9395.130,True,False,ONE_FINGER,False,False,,,,,False,False,TRACKING,
9395.305,True,False,ONE_FINGER,False,False,,,,,False,False,TRACKING,
9395.415,True,False,ONE_FINGER,False,False,,,,,False,False,TRACKING,
9395.606,True,False,ONE_FINGER,False,False,,,,,False,False,TRACKING,
9395.814,True,False,ONE_FINGER,False,False,,,,,False,False,TRACKING,
9395.918,True,False,ONE_FINGER,False,False,,,,,False,False,TRACKING,
9396.102,True,False,ONE_FINGER,False,False,,,,,False,False,TRACKING,
9396.218,True,False,ONE_FINGER,False,False,,,,,False,False,TRACKING,
9396.414,True,False,ONE_FINGER,False,False,,,,,False,False,TRACKING,
9396.615,True,False,ONE_FINGER,False,False,,,,,False,False,TRACKING,
9396.722,True,False,ONE_FINGER,False,False,,,,,False,False,TRACKING,
9396.901,True,False,ONE_FINGER,False,False,,,,,False,False,TRACKING,
9397.026,True,False,ONE_FINGER,False,False,,,,,False,False,TRACKING,
9397.205,True,False,ONE_FINGER,False,False,,,,,False,False,TRACKING,
9397.306,True,False,ONE_FINGER,False,False,,,,,False,False,TRACKING,
9397.414,True,False,ONE_FINGER,False,False,,,,,False,False,TRACKING,
9397.522,True,False,ONE_FINGER,False,False,,,,,False,False,TRACKING,
9397.701,False,False,ONE_FINGER,False,False,,,,,False,False,TRACKING,
9397.822,False,False,ONE_FINGER,False,False,,,,,False,False,TRACKING,
9398.014,False,False,ONE_FINGER,False,False,,,,,False,False,TRACKING,
9398.114,False,False,ONE_FINGER,False,False,,,,,False,False,TRACKING,
9398.310,False,False,ONE_FINGER,False,False,,,,,False,False,TRACKING,
9398.502,False,False,ONE_FINGER,False,False,,,,,False,False,TRACKING,
9398.614,False,False,ONE_FINGER,False,False,,,,,False,False,TRACKING,
9398.814,False,False,ONE_FINGER,False,False,,,,,False,False,TRACKING,
9399.018,False,False,ONE_FINGER,False,False,,,,,False,False,TRACKING,
9399.207,False,False,ONE_FINGER,False,False,,,,,False,False,TRACKING,
9399.414,False,False,ONE_FINGER,False,False,,,,,False,False,TRACKING,
9399.514,False,False,ONE_FINGER,False,False,,,,,False,False,TRACKING,
9399.614,False,False,ONE_FINGER,False,False,,,,,False,False,TRACKING,
9399.815,False,False,ONE_FINGER,False,False,,,,,False,False,TRACKING,
9399.915,False,False,ONE_FINGER,False,False,,,,,False,False,TRACKING,
9400.106,False,False,ONE_FINGER,False,False,,,,,False,False,TRACKING,
9400.214,False,False,ONE_FINGER,False,False,,,,,False,False,TRACKING,
9400.318,False,False,ONE_FINGER,False,False,,,,,False,False,TRACKING,
9400.514,False,False,ONE_FINGER,False,False,,,,,False,False,TRACKING,
9400.618,False,False,ONE_FINGER,False,False,,,,,False,False,TRACKING,
9400.722,False,False,ONE_FINGER,False,False,,,,,False,False,TRACKING,
9400.911,False,False,ONE_FINGER,False,False,,,,,False,False,TRACKING,
9401.014,False,False,ONE_FINGER,False,False,,,,,False,False,TRACKING,
9401.122,False,False,ONE_FINGER,False,False,,,,,False,False,TRACKING,
9401.307,False,False,ONE_FINGER,False,False,,,,,False,False,TRACKING,
9401.414,False,False,ONE_FINGER,False,False,,,,,False,False,TRACKING,
9401.617,False,False,ONE_FINGER,False,False,,,,,False,False,TRACKING,
9401.815,False,False,ONE_FINGER,False,False,,,,,False,False,TRACKING,
9402.013,False,False,ONE_FINGER,False,False,,,,,False,False,TRACKING,
9402.226,False,False,ONE_FINGER,False,False,,,,,False,False,TRACKING,
9402.413,False,False,ONE_FINGER,False,False,,,,,False,False,TRACKING,
9402.514,False,False,ONE_FINGER,False,False,,,,,False,False,TRACKING,
9402.619,False,False,ONE_FINGER,False,False,,,,,False,False,TRACKING,
9402.806,False,False,ONE_FINGER,False,False,,,,,False,False,TRACKING,
9402.914,False,False,ONE_FINGER,False,False,,,,,False,False,TRACKING,
9403.022,False,False,ONE_FINGER,False,False,,,,,False,False,TRACKING,
9403.210,False,False,ONE_FINGER,False,False,,,,,False,False,TRACKING,
9403.318,False,False,ONE_FINGER,False,False,,,,,False,False,TRACKING,
9403.510,False,False,ONE_FINGER,False,False,,,,,False,False,TRACKING,
9403.611,False,False,ONE_FINGER,False,False,,,,,False,False,TRACKING,
9403.821,False,False,ONE_FINGER,False,False,,,,,False,False,TRACKING,
9404.017,False,False,ONE_FINGER,False,False,,,,,False,False,TRACKING,
9404.218,False,False,ONE_FINGER,False,False,,,,,False,False,TRACKING,
9404.412,False,False,ONE_FINGER,False,False,,,,,False,False,TRACKING,
9404.617,False,False,ONE_FINGER,False,False,,,,,False,False,TRACKING,
9404.718,False,False,ONE_FINGER,False,False,,,,,False,False,TRACKING,
9404.912,False,False,ONE_FINGER,False,False,,,,,False,False,TRACKING,
9405.027,False,False,ONE_FINGER,False,False,,,,,False,False,TRACKING,
9405.215,False,False,ONE_FINGER,False,False,,,,,False,False,TRACKING,
9405.427,False,False,ONE_FINGER,False,False,,,,,False,False,TRACKING,
9405.614,False,False,ONE_FINGER,False,False,,,,,False,False,TRACKING,
9405.815,False,False,ONE_FINGER,False,False,,,,,False,False,TRACKING,
9406.005,False,False,ONE_FINGER,False,False,,,,,False,False,TRACKING,
9406.115,False,False,ONE_FINGER,False,False,,,,,False,False,TRACKING,
9406.310,False,False,ONE_FINGER,False,False,,,,,False,False,TRACKING,
9406.411,False,False,ONE_FINGER,False,False,,,,,False,False,TRACKING,
9406.511,False,False,ONE_FINGER,False,False,,,,,False,False,TRACKING,
9406.619,False,False,ONE_FINGER,False,False,,,,,False,False,TRACKING,
9406.818,False,False,ONE_FINGER,False,False,,,,,False,False,TRACKING,
9407.025,False,False,ONE_FINGER,False,False,,,,,False,False,TRACKING,
9407.209,False,False,ONE_FINGER,False,False,,,,,False,False,TRACKING,
9407.314,False,False,ONE_FINGER,False,False,,,,,False,False,TRACKING,
9407.418,False,False,ONE_FINGER,False,False,,,,,False,False,TRACKING,
9407.606,False,False,ONE_FINGER,False,False,,,,,False,False,TRACKING,
9407.712,False,False,ONE_FINGER,False,False,,,,,False,False,TRACKING,
9407.814,False,False,ONE_FINGER,False,False,,,,,False,False,TRACKING,
9408.006,False,False,ONE_FINGER,False,False,,,,,False,False,TRACKING,
9408.107,False,False,ONE_FINGER,False,False,,,,,False,False,TRACKING,
9408.226,False,False,ONE_FINGER,False,False,,,,,False,False,TRACKING,
9408.414,False,False,ONE_FINGER,False,False,,,,,False,False,TRACKING,
9408.623,False,False,ONE_FINGER,False,False,,,,,False,False,TRACKING,
9408.808,False,False,ONE_FINGER,False,False,,,,,False,False,TRACKING,
9409.023,False,False,ONE_FINGER,False,False,,,,,False,False,TRACKING,
9409.211,False,False,ONE_FINGER,False,False,,,,,False,False,TRACKING,
9409.415,False,False,ONE_FINGER,False,False,,,,,False,False,TRACKING,
9409.614,False,False,ONE_FINGER,False,False,,,,,False,False,TRACKING,
9409.817,False,False,ONE_FINGER,False,False,,,,,False,False,TRACKING,
9410.014,False,False,ONE_FINGER,False,False,,,,,False,False,TRACKING,
9410.223,False,False,ONE_FINGER,False,False,,,,,False,False,TRACKING,
9410.417,False,False,ONE_FINGER,False,False,,,,,False,False,TRACKING,
9410.623,True,False,ONE_FINGER,False,False,,,,,False,False,TRACKING,
9410.805,True,False,ONE_FINGER,False,False,,,,,False,False,TRACKING,
9410.910,True,False,ONE_FINGER,False,False,,,,,False,False,TRACKING,
9411.025,True,False,ONE_FINGER,False,False,,,,,False,False,TRACKING,
9411.220,False,False,ONE_FINGER,False,False,,,,,False,False,TRACKING,
9411.431,True,False,ONE_FINGER,False,False,,,,,False,False,TRACKING,
9411.611,False,False,ONE_FINGER,False,False,,,,,False,False,TRACKING,
9411.714,False,False,ONE_FINGER,False,False,,,,,False,False,TRACKING,
9411.827,False,False,ONE_FINGER,False,False,,,,,False,False,TRACKING,
9412.011,False,False,ONE_FINGER,False,False,,,,,False,False,TRACKING,
9412.115,False,False,ONE_FINGER,False,False,,,,,False,False,TRACKING,
9412.219,False,False,ONE_FINGER,False,False,,,,,False,False,TRACKING,
9412.327,False,False,ONE_FINGER,False,False,,,,,False,False,TRACKING,
9412.506,False,False,ONE_FINGER,False,False,,,,,False,False,TRACKING,
9412.623,False,False,ONE_FINGER,False,False,,,,,False,False,TRACKING,
9412.727,False,False,ONE_FINGER,False,False,,,,,False,False,TRACKING,
9412.915,False,False,ONE_FINGER,False,False,,,,,False,False,TRACKING,
9413.113,False,False,ONE_FINGER,False,False,,,,,False,False,TRACKING,
9413.223,False,False,ONE_FINGER,False,False,,,,,False,False,TRACKING,
9413.423,False,False,ONE_FINGER,False,False,,,,,False,False,TRACKING,
9413.606,False,False,ONE_FINGER,False,False,,,,,False,False,TRACKING,
9413.714,False,False,ONE_FINGER,False,False,,,,,False,False,TRACKING,
9413.819,False,False,ONE_FINGER,False,False,,,,,False,False,TRACKING,
9414.016,False,False,ONE_FINGER,False,False,,,,,False,False,TRACKING,
9414.120,False,False,ONE_FINGER,False,False,,,,,False,False,TRACKING,
9414.321,False,False,ONE_FINGER,False,False,,,,,False,False,TRACKING,
9414.423,False,False,ONE_FINGER,False,False,,,,,False,False,TRACKING,
9414.527,False,False,ONE_FINGER,False,False,,,,,False,False,TRACKING,
9414.714,False,False,ONE_FINGER,False,False,,,,,False,False,TRACKING,
9414.815,False,False,ONE_FINGER,False,False,,,,,False,False,TRACKING,
9415.014,False,False,ONE_FINGER,False,False,,,,,False,False,TRACKING,
9415.217,False,False,ONE_FINGER,False,False,,,,,False,False,TRACKING,
9415.415,False,False,ONE_FINGER,False,False,,,,,False,False,TRACKING,
9415.518,False,False,ONE_FINGER,False,False,,,,,False,False,TRACKING,
9415.707,False,False,ONE_FINGER,False,False,,,,,False,False,TRACKING,
9415.819,False,False,ONE_FINGER,False,False,,,,,False,False,TRACKING,
9416.014,False,False,ONE_FINGER,False,False,,,,,False,False,TRACKING,
9416.225,False,False,ONE_FINGER,False,False,,,,,False,False,TRACKING,
9416.418,False,False,ONE_FINGER,False,False,,,,,False,False,TRACKING,
9416.624,False,False,ONE_FINGER,False,False,,,,,False,False,TRACKING,
9416.815,False,False,ONE_FINGER,False,False,,,,,False,False,TRACKING,
9417.015,False,False,ONE_FINGER,False,False,,,,,False,False,TRACKING,
9417.117,False,False,ONE_FINGER,False,False,,,,,False,False,TRACKING,
9417.312,False,False,ONE_FINGER,False,False,,,,,False,False,TRACKING,
9417.419,False,False,ONE_FINGER,False,False,,,,,False,False,TRACKING,
9417.616,False,False,ONE_FINGER,False,False,,,,,False,False,TRACKING,
9417.827,False,False,ONE_FINGER,False,False,,,,,False,False,TRACKING,
9418.007,False,False,ONE_FINGER,False,False,,,,,False,False,TRACKING,
9418.117,False,False,ONE_FINGER,False,False,,,,,False,False,TRACKING,
9418.220,False,False,ONE_FINGER,False,False,,,,,False,False,TRACKING,
9418.410,False,False,ONE_FINGER,False,False,,,,,False,False,TRACKING,
9418.615,False,False,ONE_FINGER,False,False,,,,,False,False,TRACKING,
9418.723,False,False,ONE_FINGER,False,False,,,,,False,False,TRACKING,
9418.911,False,False,ONE_FINGER,False,False,,,,,False,False,TRACKING,
9419.014,False,False,ONE_FINGER,False,False,,,,,False,False,TRACKING,
9419.209,False,False,ONE_FINGER,False,False,,,,,False,False,TRACKING,
9419.310,False,False,ONE_FINGER,False,False,,,,,False,False,TRACKING,
9419.419,False,False,ONE_FINGER,False,False,,,,,False,False,TRACKING,
9419.522,False,False,ONE_FINGER,False,False,,,,,False,False,TRACKING,
9419.705,False,False,ONE_FINGER,False,False,,,,,False,False,TRACKING,
9419.817,False,False,ONE_FINGER,False,False,,,,,False,False,TRACKING,
9419.923,False,False,ONE_FINGER,False,False,,,,,False,False,TRACKING,
9420.115,False,False,ONE_FINGER,False,False,,,,,False,False,TRACKING,
9420.215,False,False,ONE_FINGER,False,False,,,,,False,False,TRACKING,
9420.406,False,False,ONE_FINGER,False,False,,,,,False,False,TRACKING,
9420.515,False,False,ONE_FINGER,False,False,,,,,False,False,TRACKING,
9420.627,False,False,ONE_FINGER,False,False,,,,,False,False,TRACKING,
9420.813,False,False,ONE_FINGER,False,False,,,,,False,False,TRACKING,
9421.023,False,False,ONE_FINGER,False,False,,,,,False,False,TRACKING,
9421.209,False,False,ONE_FINGER,False,False,,,,,False,False,TRACKING,
9421.415,False,False,ONE_FINGER,False,False,,,,,False,False,TRACKING,
9421.611,False,False,ONE_FINGER,False,False,,,,,False,False,TRACKING,
9421.815,False,False,ONE_FINGER,False,False,,,,,False,False,TRACKING,
9421.923,False,False,ONE_FINGER,False,False,,,,,False,False,TRACKING,
9422.111,False,False,ONE_FINGER,False,False,,,,,False,False,TRACKING,
9422.224,False,False,ONE_FINGER,False,False,,,,,False,False,TRACKING,
9422.410,False,False,ONE_FINGER,False,False,,,,,False,False,TRACKING,
9422.513,False,False,ONE_FINGER,False,False,,,,,False,False,TRACKING,
9422.625,False,False,ONE_FINGER,False,False,,,,,False,False,TRACKING,
9422.815,False,False,ONE_FINGER,False,False,,,,,False,False,TRACKING,
9423.015,False,False,ONE_FINGER,False,False,,,,,False,False,TRACKING,
9423.123,False,False,ONE_FINGER,False,False,,,,,False,False,TRACKING,
9423.319,False,False,ONE_FINGER,False,False,,,,,False,False,TRACKING,
9423.423,False,False,ONE_FINGER,False,False,,,,,False,False,TRACKING,
9423.613,False,False,ONE_FINGER,False,False,,,,,False,False,TRACKING,
9423.719,False,False,ONE_FINGER,False,False,,,,,False,False,TRACKING,
9423.823,False,False,ONE_FINGER,False,False,,,,,False,False,TRACKING,
9424.010,False,False,ONE_FINGER,False,False,,,,,False,False,TRACKING,
9424.123,False,False,ONE_FINGER,False,False,,,,,False,False,TRACKING,
9424.311,False,False,ONE_FINGER,False,False,,,,,False,False,TRACKING,
9424.523,False,False,ONE_FINGER,False,False,,,,,False,False,TRACKING,
9424.631,True,False,ONE_FINGER,False,False,,,,,False,False,TRACKING,
9424.816,True,False,ONE_FINGER,True,True,0.82413,0.76928,824,875,False,True,BLOCK_HOVER,wood_4
9424.924,True,False,ONE_FINGER,True,True,0.80634,0.76630,806,875,False,True,BLOCK_HOVER,wood_4
9425.026,False,True,ONE_FINGER,False,False,0.80634,0.76630,806,875,False,True,BLOCK_HOVER,wood_4
9425.219,False,False,ONE_FINGER,False,False,,,,,False,False,BLOCK_HOVER,wood_4
9425.336,False,False,ONE_FINGER,False,False,,,,,False,False,BLOCK_HOVER,wood_4
9425.515,False,False,ONE_FINGER,False,False,,,,,False,False,TRACKING,
9425.732,False,False,ONE_FINGER,False,False,,,,,False,False,TRACKING,
9425.919,False,False,ONE_FINGER,False,False,,,,,False,False,TRACKING,
9426.135,False,False,ONE_FINGER,False,False,,,,,False,False,TRACKING,
9426.316,False,False,ONE_FINGER,False,False,,,,,False,False,TRACKING,
9426.419,False,False,ONE_FINGER,False,False,,,,,False,False,TRACKING,
9426.523,False,False,ONE_FINGER,False,False,,,,,False,False,TRACKING,
9426.628,False,False,ONE_FINGER,False,False,,,,,False,False,TRACKING,
9426.815,False,False,ONE_FINGER,False,False,,,,,False,False,TRACKING,
9426.919,False,False,ONE_FINGER,False,False,,,,,False,False,TRACKING,
9427.020,False,False,ONE_FINGER,False,False,,,,,False,False,TRACKING,
9427.123,False,False,ONE_FINGER,False,False,,,,,False,False,TRACKING,
9427.323,False,False,ONE_FINGER,False,False,,,,,False,False,TRACKING,
9427.528,False,False,ONE_FINGER,False,False,,,,,False,False,TRACKING,
9427.727,False,False,ONE_FINGER,False,False,,,,,False,False,TRACKING,
9427.832,False,False,ONE_FINGER,False,False,,,,,False,False,TRACKING,
9428.024,False,False,ONE_FINGER,False,False,,,,,False,False,TRACKING,
9428.220,False,False,ONE_FINGER,False,False,,,,,False,False,TRACKING,
9428.415,False,False,ONE_FINGER,False,False,,,,,False,False,TRACKING,
9428.526,False,False,ONE_FINGER,False,False,,,,,False,False,TRACKING,
9428.719,False,False,ONE_FINGER,False,False,,,,,False,False,TRACKING,
9428.936,False,False,ONE_FINGER,False,False,,,,,False,False,TRACKING,
9429.117,False,False,ONE_FINGER,False,False,,,,,False,False,TRACKING,
9429.218,False,False,ONE_FINGER,False,False,,,,,False,False,TRACKING,
9429.323,False,False,ONE_FINGER,False,False,,,,,False,False,TRACKING,
9429.432,False,False,ONE_FINGER,False,False,,,,,False,False,TRACKING,
9429.620,False,False,ONE_FINGER,False,False,,,,,False,False,TRACKING,
9429.730,False,False,ONE_FINGER,False,False,,,,,False,False,TRACKING,
9429.919,False,False,ONE_FINGER,False,False,,,,,False,False,TRACKING,
9430.123,False,False,ONE_FINGER,False,False,,,,,False,False,TRACKING,
9430.228,False,False,ONE_FINGER,False,False,,,,,False,False,TRACKING,
9430.411,False,False,ONE_FINGER,False,False,,,,,False,False,TRACKING,
9430.532,False,False,ONE_FINGER,False,False,,,,,False,False,TRACKING,
9430.722,False,False,ONE_FINGER,False,False,,,,,False,False,TRACKING,
9430.939,False,False,ONE_FINGER,False,False,,,,,False,False,TRACKING,
9431.123,False,False,ONE_FINGER,False,False,,,,,False,False,TRACKING,
9431.327,False,False,ONE_FINGER,False,False,,,,,False,False,TRACKING,
9431.432,False,False,ONE_FINGER,False,False,,,,,False,False,TRACKING,
9431.619,False,False,ONE_FINGER,False,False,,,,,False,False,TRACKING,
9431.738,False,False,ONE_FINGER,False,False,,,,,False,False,TRACKING,
9431.928,False,False,ONE_FINGER,False,False,,,,,False,False,TRACKING,
9432.123,False,False,ONE_FINGER,False,False,,,,,False,False,TRACKING,
9432.227,False,False,ONE_FINGER,False,False,,,,,False,False,TRACKING,
9432.332,False,False,ONE_FINGER,False,False,,,,,False,False,TRACKING,
9432.524,False,False,ONE_FINGER,False,False,,,,,False,False,TRACKING,
9432.635,False,False,ONE_FINGER,False,False,,,,,False,False,TRACKING,
9432.815,False,False,ONE_FINGER,False,False,,,,,False,False,TRACKING,
9432.927,False,False,ONE_FINGER,False,False,,,,,False,False,TRACKING,
9433.128,False,False,ONE_FINGER,False,False,,,,,False,False,TRACKING,
9433.324,False,False,ONE_FINGER,False,False,,,,,False,False,TRACKING,
9433.511,False,False,ONE_FINGER,False,False,,,,,False,False,TRACKING,
9433.615,False,False,ONE_FINGER,False,False,,,,,False,False,TRACKING,
9433.723,False,False,ONE_FINGER,False,False,,,,,False,False,TRACKING,
9433.923,False,False,ONE_FINGER,False,False,,,,,False,False,TRACKING,
9434.122,False,False,ONE_FINGER,False,False,,,,,False,False,TRACKING,
9434.315,True,False,ONE_FINGER,False,False,,,,,False,False,TRACKING,
9434.523,True,False,ONE_FINGER,False,False,,,,,False,False,TRACKING,
9434.623,True,False,ONE_FINGER,False,False,,,,,False,False,TRACKING,
9434.811,True,False,ONE_FINGER,False,False,,,,,False,False,TRACKING,
9434.919,True,False,ONE_FINGER,False,False,,,,,False,False,TRACKING,
9435.115,True,False,ONE_FINGER,False,False,,,,,False,False,TRACKING,
9435.319,True,False,ONE_FINGER,False,False,,,,,False,False,TRACKING,
9435.426,True,False,ONE_FINGER,False,False,,,,,False,False,TRACKING,
9435.610,True,False,ONE_FINGER,False,False,,,,,False,False,TRACKING,
9435.723,True,False,ONE_FINGER,False,False,,,,,False,False,TRACKING,
9435.825,True,False,ONE_FINGER,False,False,,,,,False,False,TRACKING,
9436.008,True,False,ONE_FINGER,False,False,,,,,False,False,TRACKING,
9436.128,True,False,ONE_FINGER,False,False,,,,,False,False,TRACKING,
9436.311,True,False,ONE_FINGER,False,False,,,,,False,False,TRACKING,
9436.412,True,False,ONE_FINGER,False,False,,,,,False,False,TRACKING,
9436.524,True,False,ONE_FINGER,False,False,,,,,False,False,TRACKING,
9436.627,True,False,ONE_FINGER,False,False,,,,,False,False,TRACKING,
9436.815,True,False,ONE_FINGER,False,False,,,,,False,False,TRACKING,
9436.928,True,False,ONE_FINGER,False,False,,,,,False,False,TRACKING,
9437.118,True,False,ONE_FINGER,False,False,,,,,False,False,TRACKING,
9437.323,True,False,ONE_FINGER,False,False,,,,,False,False,TRACKING,
9437.428,True,False,ONE_FINGER,False,False,,,,,False,False,TRACKING,
9437.607,True,False,ONE_FINGER,False,False,,,,,False,False,TRACKING,
9437.716,True,False,ONE_FINGER,False,False,,,,,False,False,TRACKING,
9437.820,True,False,ONE_FINGER,False,False,,,,,False,False,TRACKING,
9438.016,True,False,ONE_FINGER,False,False,,,,,False,False,TRACKING,
9438.126,True,False,ONE_FINGER,False,False,,,,,False,False,TRACKING,
9438.315,True,False,ONE_FINGER,False,False,,,,,False,False,TRACKING,
9438.528,True,False,ONE_FINGER,False,False,,,,,False,False,TRACKING,
9438.719,True,False,ONE_FINGER,False,False,,,,,False,False,TRACKING,
9438.924,True,False,ONE_FINGER,False,False,,,,,False,False,TRACKING,
9439.113,True,False,ONE_FINGER,False,False,,,,,False,False,TRACKING,
9439.330,True,False,ONE_FINGER,False,False,,,,,False,False,TRACKING,
9439.526,True,False,ONE_FINGER,False,False,,,,,False,False,TRACKING,
9439.720,True,False,ONE_FINGER,False,False,,,,,False,False,TRACKING,
9439.828,True,False,ONE_FINGER,False,False,,,,,False,False,TRACKING,
9440.008,True,False,ONE_FINGER,False,False,,,,,False,False,TRACKING,
9440.119,True,False,ONE_FINGER,False,False,,,,,False,False,TRACKING,
9440.228,True,False,ONE_FINGER,False,False,,,,,False,False,TRACKING,
9440.411,True,False,ONE_FINGER,False,False,,,,,False,False,TRACKING,
9440.532,True,False,ONE_FINGER,False,False,,,,,False,False,TRACKING,
9440.711,True,False,ONE_FINGER,False,False,,,,,False,False,TRACKING,
9440.925,True,False,ONE_FINGER,False,False,,,,,False,False,TRACKING,
9441.028,True,False,ONE_FINGER,False,False,,,,,False,False,TRACKING,
9441.207,True,False,ONE_FINGER,False,False,,,,,False,False,TRACKING,
9441.332,True,False,ONE_FINGER,False,False,,,,,False,False,TRACKING,
9441.512,True,False,ONE_FINGER,False,False,,,,,False,False,TRACKING,
9441.623,True,False,ONE_FINGER,False,False,,,,,False,False,TRACKING,
9441.829,True,False,ONE_FINGER,False,False,,,,,False,False,TRACKING,
9442.005,True,False,ONE_FINGER,False,False,,,,,False,False,TRACKING,
9442.118,True,False,ONE_FINGER,False,False,,,,,False,False,TRACKING,
9442.220,True,False,ONE_FINGER,False,False,,,,,False,False,TRACKING,
9442.321,True,False,ONE_FINGER,False,False,,,,,False,False,TRACKING,
9442.519,True,False,ONE_FINGER,False,False,,,,,False,False,TRACKING,
9442.628,True,False,ONE_FINGER,False,False,,,,,False,False,TRACKING,
9442.808,True,False,ONE_FINGER,False,False,,,,,False,False,TRACKING,
9442.924,True,False,ONE_FINGER,False,False,,,,,False,False,TRACKING,
9443.118,True,False,ONE_FINGER,False,False,,,,,False,False,TRACKING,
9443.324,True,False,ONE_FINGER,False,False,,,,,False,False,TRACKING,
9443.520,True,False,ONE_FINGER,False,False,,,,,False,False,TRACKING,
9443.717,True,False,ONE_FINGER,False,False,,,,,False,False,TRACKING,
9443.822,True,False,ONE_FINGER,False,False,,,,,False,False,TRACKING,
9444.008,True,False,ONE_FINGER,False,False,,,,,False,False,TRACKING,
9444.117,True,False,ONE_FINGER,False,False,,,,,False,False,TRACKING,
9444.226,True,False,ONE_FINGER,False,False,,,,,False,False,TRACKING,
9444.407,True,False,ONE_FINGER,False,False,,,,,False,False,TRACKING,
9444.528,True,False,ONE_FINGER,False,False,,,,,False,False,TRACKING,
9444.724,True,False,ONE_FINGER,False,False,,,,,False,False,TRACKING,
9444.933,True,False,ONE_FINGER,False,False,,,,,False,False,TRACKING,
9445.124,True,False,ONE_FINGER,False,False,,,,,False,False,TRACKING,
9445.327,True,False,ONE_FINGER,False,False,,,,,False,False,TRACKING,
9445.513,True,False,ONE_FINGER,False,False,,,,,False,False,TRACKING,
9445.615,True,False,ONE_FINGER,False,False,,,,,False,False,TRACKING,
9445.733,True,False,ONE_FINGER,False,False,,,,,False,False,TRACKING,
9445.916,True,False,ONE_FINGER,False,False,,,,,False,False,TRACKING,
9446.120,True,False,ONE_FINGER,False,False,,,,,False,False,TRACKING,
9446.224,True,False,ONE_FINGER,False,False,,,,,False,False,TRACKING,
9446.411,True,False,ONE_FINGER,False,False,,,,,False,False,TRACKING,
9446.530,True,False,ONE_FINGER,False,False,,,,,False,False,TRACKING,
9446.720,True,False,ONE_FINGER,False,False,,,,,False,False,TRACKING,
9446.928,True,False,ONE_FINGER,False,False,,,,,False,False,TRACKING,
9447.116,True,False,ONE_FINGER,False,False,,,,,False,False,TRACKING,
9447.320,True,False,ONE_FINGER,False,False,,,,,False,False,TRACKING,
9447.514,True,False,ONE_FINGER,False,False,,,,,False,False,TRACKING,
9447.727,True,False,ONE_FINGER,False,False,,,,,False,False,TRACKING,
9447.911,True,False,ONE_FINGER,False,False,,,,,False,False,TRACKING,
9448.020,True,False,ONE_FINGER,False,False,,,,,False,False,TRACKING,
9448.128,True,False,ONE_FINGER,False,False,,,,,False,False,TRACKING,
9448.318,True,False,ONE_FINGER,False,False,,,,,False,False,TRACKING,
9448.428,True,False,ONE_FINGER,False,False,,,,,False,False,TRACKING,
9448.624,True,False,ONE_FINGER,False,False,,,,,False,False,TRACKING,
9448.810,True,False,ONE_FINGER,False,False,,,,,False,False,TRACKING,
9448.920,True,False,ONE_FINGER,False,False,,,,,False,False,TRACKING,
9449.116,True,False,ONE_FINGER,False,False,,,,,False,False,TRACKING,
9449.218,True,False,ONE_FINGER,False,False,,,,,False,False,TRACKING,
9449.422,True,False,ONE_FINGER,False,False,,,,,False,False,TRACKING,
9449.607,False,False,ONE_FINGER,False,False,,,,,False,False,TRACKING,
9449.725,False,False,ONE_FINGER,False,False,,,,,False,False,TRACKING,
9449.924,False,False,ONE_FINGER,False,False,,,,,False,False,TRACKING,
9450.121,False,False,ONE_FINGER,False,False,,,,,False,False,TRACKING,
9450.317,False,False,ONE_FINGER,False,False,,,,,False,False,TRACKING,
9450.423,False,False,ONE_FINGER,False,False,,,,,False,False,TRACKING,
9450.624,False,False,ONE_FINGER,False,False,,,,,False,False,TRACKING,
9450.812,False,False,ONE_FINGER,False,False,,,,,False,False,TRACKING,
9450.932,False,False,ONE_FINGER,False,False,,,,,False,False,TRACKING,
9451.116,False,False,ONE_FINGER,False,False,,,,,False,False,TRACKING,
9451.320,False,False,ONE_FINGER,False,False,,,,,False,False,TRACKING,
9451.424,False,False,ONE_FINGER,False,False,,,,,False,False,TRACKING,
9451.626,False,False,ONE_FINGER,False,False,,,,,False,False,TRACKING,
9451.824,False,False,ONE_FINGER,False,False,,,,,False,False,TRACKING,
9452.011,False,False,ONE_FINGER,False,False,,,,,False,False,TRACKING,
9452.130,False,False,ONE_FINGER,False,False,,,,,False,False,TRACKING,
9452.317,False,False,ONE_FINGER,False,False,,,,,False,False,TRACKING,
9452.524,False,False,ONE_FINGER,False,False,,,,,False,False,TRACKING,
9452.624,False,False,ONE_FINGER,False,False,,,,,False,False,TRACKING,
9452.828,False,False,ONE_FINGER,False,False,,,,,False,False,TRACKING,
9452.937,False,False,ONE_FINGER,False,False,,,,,False,False,TRACKING,
9453.124,False,False,ONE_FINGER,False,False,,,,,False,False,TRACKING,
9453.320,False,False,ONE_FINGER,False,False,,,,,False,False,TRACKING,
9453.429,False,False,ONE_FINGER,False,False,,,,,False,False,TRACKING,
9453.613,False,False,ONE_FINGER,False,False,,,,,False,False,TRACKING,
9453.729,False,False,ONE_FINGER,False,False,,,,,False,False,TRACKING,
9453.924,False,False,ONE_FINGER,False,False,,,,,False,False,TRACKING,
9454.132,False,False,ONE_FINGER,False,False,,,,,False,False,TRACKING,
9454.324,False,False,ONE_FINGER,False,False,,,,,False,False,TRACKING,
9454.528,False,False,ONE_FINGER,False,False,,,,,False,False,TRACKING,
9454.629,False,False,ONE_FINGER,False,False,,,,,False,False,TRACKING,
9454.809,False,False,ONE_FINGER,False,False,,,,,False,False,TRACKING,
9454.925,False,False,ONE_FINGER,False,False,,,,,False,False,TRACKING,
9455.029,False,False,ONE_FINGER,False,False,,,,,False,False,TRACKING,
9455.213,False,False,ONE_FINGER,False,False,,,,,False,False,TRACKING,
9455.333,False,False,ONE_FINGER,False,False,,,,,False,False,TRACKING,
9455.517,False,False,ONE_FINGER,False,False,,,,,False,False,TRACKING,
9455.730,False,False,ONE_FINGER,False,False,,,,,False,False,TRACKING,
9455.912,False,False,ONE_FINGER,False,False,,,,,False,False,TRACKING,
9456.015,False,False,ONE_FINGER,False,False,,,,,False,False,TRACKING,
9456.128,False,False,ONE_FINGER,False,False,,,,,False,False,TRACKING,
9456.317,False,False,ONE_FINGER,False,False,,,,,False,False,TRACKING,
9456.532,False,False,ONE_FINGER,False,False,,,,,False,False,TRACKING,
9456.717,False,False,ONE_FINGER,False,False,,,,,False,False,TRACKING,
9456.921,False,False,ONE_FINGER,False,False,,,,,False,False,TRACKING,
9457.117,False,False,ONE_FINGER,False,False,,,,,False,False,TRACKING,
9457.324,False,False,ONE_FINGER,False,False,,,,,False,False,TRACKING,
9457.516,False,False,ONE_FINGER,False,False,,,,,False,False,TRACKING,
9457.719,False,False,ONE_FINGER,False,False,,,,,False,False,TRACKING,
9457.827,False,False,ONE_FINGER,False,False,,,,,False,False,TRACKING,
9458.017,False,False,ONE_FINGER,False,False,,,,,False,False,TRACKING,
9458.128,False,False,ONE_FINGER,False,False,,,,,False,False,TRACKING,
9458.316,False,False,ONE_FINGER,False,False,,,,,False,False,TRACKING,
9458.524,False,False,ONE_FINGER,False,False,,,,,False,False,TRACKING,
9458.716,False,False,ONE_FINGER,False,False,,,,,False,False,TRACKING,
9458.924,False,False,ONE_FINGER,False,False,,,,,False,False,TRACKING,
9459.034,False,False,ONE_FINGER,False,False,,,,,False,False,TRACKING,
9459.208,False,False,ONE_FINGER,False,False,,,,,False,False,TRACKING,
9459.324,False,False,ONE_FINGER,False,False,,,,,False,False,TRACKING,
9459.516,False,False,ONE_FINGER,False,False,,,,,False,False,TRACKING,
9459.720,False,False,ONE_FINGER,False,False,,,,,False,False,TRACKING,
9459.916,False,False,ONE_FINGER,False,False,,,,,False,False,TRACKING,
9460.124,False,False,ONE_FINGER,False,False,,,,,False,False,TRACKING,
9460.320,False,False,ONE_FINGER,False,False,,,,,False,False,TRACKING,
9460.423,False,False,ONE_FINGER,False,False,,,,,False,False,TRACKING,
9460.617,False,False,ONE_FINGER,False,False,,,,,False,False,TRACKING,
9460.808,False,False,ONE_FINGER,False,False,,,,,False,False,TRACKING,
9460.920,False,False,ONE_FINGER,False,False,,,,,False,False,TRACKING,
9461.112,False,False,ONE_FINGER,False,False,,,,,False,False,TRACKING,
9461.320,False,False,ONE_FINGER,False,False,,,,,False,False,TRACKING,
9461.516,False,False,ONE_FINGER,False,False,,,,,False,False,TRACKING,
9461.724,False,False,ONE_FINGER,False,False,,,,,False,False,TRACKING,
9461.828,False,False,ONE_FINGER,False,False,,,,,False,False,TRACKING,
9462.008,False,False,ONE_FINGER,False,False,,,,,False,False,TRACKING,
9462.121,False,False,ONE_FINGER,False,False,,,,,False,False,TRACKING,
9462.312,False,False,ONE_FINGER,False,False,,,,,False,False,TRACKING,
9462.520,False,False,ONE_FINGER,False,False,,,,,False,False,TRACKING,
9462.715,False,False,ONE_FINGER,False,False,,,,,False,False,TRACKING,
9462.816,False,False,ONE_FINGER,False,False,,,,,False,False,TRACKING,
9462.920,False,False,ONE_FINGER,False,False,,,,,False,False,TRACKING,
9463.121,False,False,ONE_FINGER,False,False,,,,,False,False,TRACKING,
9463.324,False,False,ONE_FINGER,False,False,,,,,False,False,TRACKING,
9463.516,False,False,ONE_FINGER,False,False,,,,,False,False,TRACKING,
9463.726,False,False,ONE_FINGER,False,False,,,,,False,False,TRACKING,
9463.828,False,False,ONE_FINGER,False,False,,,,,False,False,TRACKING,
9464.020,False,False,ONE_FINGER,False,False,,,,,False,False,TRACKING,
9464.135,False,False,ONE_FINGER,False,False,,,,,False,False,TRACKING,
9464.326,False,False,ONE_FINGER,False,False,,,,,False,False,TRACKING,
9464.533,False,False,ONE_FINGER,False,False,,,,,False,False,TRACKING,
9464.720,False,False,ONE_FINGER,False,False,,,,,False,False,TRACKING,
9464.923,False,False,ONE_FINGER,False,False,,,,,False,False,TRACKING,
9465.116,False,False,ONE_FINGER,False,False,,,,,False,False,TRACKING,
9465.320,False,False,ONE_FINGER,False,False,,,,,False,False,TRACKING,
9465.525,False,False,ONE_FINGER,False,False,,,,,False,False,TRACKING,
9465.724,False,False,ONE_FINGER,False,False,,,,,False,False,TRACKING,
9465.913,False,False,ONE_FINGER,False,False,,,,,False,False,TRACKING,
9466.121,False,False,ONE_FINGER,False,False,,,,,False,False,TRACKING,
9466.223,False,False,ONE_FINGER,False,False,,,,,False,False,TRACKING,
9466.409,False,False,ONE_FINGER,False,False,,,,,False,False,TRACKING,
9466.529,False,False,ONE_FINGER,False,False,,,,,False,False,TRACKING,
9466.716,False,False,ONE_FINGER,False,False,,,,,False,False,TRACKING,
9466.921,False,False,ONE_FINGER,False,False,,,,,False,False,TRACKING,
9467.120,False,False,ONE_FINGER,False,False,,,,,False,False,TRACKING,
9467.324,False,False,ONE_FINGER,False,False,,,,,False,False,TRACKING,
9467.426,False,False,ONE_FINGER,False,False,,,,,False,False,TRACKING,
9467.613,False,False,ONE_FINGER,False,False,,,,,False,False,TRACKING,
9467.721,True,False,ONE_FINGER,True,True,0.50041,0.50476,500,712,False,True,BLOCK_HOVER,wood_4
9467.825,False,True,ONE_FINGER,False,False,0.50041,0.50476,500,712,False,True,BLOCK_HOVER,wood_4
9468.013,False,False,ONE_FINGER,False,False,,,,,False,False,BLOCK_HOVER,wood_4
9468.134,False,False,ONE_FINGER,False,False,,,,,False,False,BLOCK_HOVER,wood_4
9468.329,False,False,ONE_FINGER,False,False,,,,,False,False,TRACKING,
9468.536,False,False,ONE_FINGER,False,False,,,,,False,False,TRACKING,
9468.717,False,False,ONE_FINGER,False,False,,,,,False,False,TRACKING,
9468.918,False,False,ONE_FINGER,False,False,,,,,False,False,TRACKING,
9469.113,False,False,ONE_FINGER,False,False,,,,,False,False,TRACKING,
9469.321,False,False,ONE_FINGER,False,False,,,,,False,False,TRACKING,
9469.424,False,False,ONE_FINGER,False,False,,,,,False,False,TRACKING,
9469.610,True,False,ONE_FINGER,False,False,,,,,False,False,TRACKING,
9469.726,True,False,ONE_FINGER,False,False,,,,,False,False,TRACKING,
9469.909,True,False,ONE_FINGER,False,False,,,,,False,False,TRACKING,
9470.010,True,False,ONE_FINGER,False,False,,,,,False,False,TRACKING,
9470.118,True,False,ONE_FINGER,False,False,,,,,False,False,TRACKING,
9470.310,True,False,ONE_FINGER,False,False,,,,,False,False,TRACKING,
9470.664,True,False,ONE_FINGER,False,False,,,,,False,False,TRACKING,
9470.806,True,False,ONE_FINGER,False,False,,,,,False,False,TRACKING,
9470.918,True,False,ONE_FINGER,False,False,,,,,False,False,TRACKING,
9471.109,True,False,ONE_FINGER,False,False,,,,,False,False,TRACKING,
9471.318,True,False,ONE_FINGER,False,False,,,,,False,False,TRACKING,
9471.507,True,False,ONE_FINGER,False,False,,,,,False,False,TRACKING,
9471.716,True,False,ONE_FINGER,False,False,,,,,False,False,TRACKING,
9471.907,True,False,ONE_FINGER,False,False,,,,,False,False,TRACKING,
9472.115,False,False,ONE_FINGER,False,False,,,,,False,False,TRACKING,
9472.219,False,False,ONE_FINGER,False,False,,,,,False,False,TRACKING,
9472.411,False,False,ONE_FINGER,False,False,,,,,False,False,TRACKING,
9472.523,False,False,ONE_FINGER,False,False,,,,,False,False,TRACKING,
9472.724,False,False,ONE_FINGER,False,False,,,,,False,False,TRACKING,
9472.922,False,False,ONE_FINGER,False,False,,,,,False,False,TRACKING,
9473.115,True,False,ONE_FINGER,False,False,,,,,False,False,TRACKING,
9473.316,True,False,ONE_FINGER,False,False,,,,,False,False,TRACKING,
9473.509,True,False,ONE_FINGER,False,False,,,,,False,False,TRACKING,
9473.718,True,False,ONE_FINGER,False,False,,,,,False,False,TRACKING,
